session_id,app_name,app_category,previous_app,timestamp,date,hour_of_day,day_of_week,is_weekend,session_duration_sec,session_duration_hms,cpu_usage_pct,ram_usage_mb,network_usage_mb,battery_drain_pct,is_anomaly
1,Word,Productivity,None,01/01/2024 8:00,01/01/2024,8,Monday,0,5195,1:26:35,6.2,202.7,4.3,0.42,0
1,Notion,Productivity,Word,01/01/2024 9:30,01/01/2024,9,Monday,0,1694,0:28:14,6.2,368.5,0.8,0.21,0
1,Slack,Communication,Notion,01/01/2024 10:02,01/01/2024,10,Monday,0,6780,1:53:00,8.8,233.9,81.1,2.9,0
1,Notion,Productivity,Slack,01/01/2024 11:57,01/01/2024,11,Monday,0,4861,1:21:01,11.8,378.9,2.7,1.48,0
1,Slack,Communication,Notion,01/01/2024 13:22,01/01/2024,13,Monday,0,1851,0:30:51,5.6,299.1,112.8,1.4,0
1,Notion,Productivity,Slack,01/01/2024 13:54,01/01/2024,13,Monday,0,1494,0:24:54,6.2,329.3,3.5,0.58,0
1,VS Code,Development,Notion,01/01/2024 14:24,01/01/2024,14,Monday,0,2705,0:45:05,18.5,345.5,4.3,0.64,0
1,Terminal,Development,VS Code,01/01/2024 15:13,01/01/2024,15,Monday,0,1514,0:25:14,15.2,42.3,4.2,2.06,0
1,Steam,Entertainment,Terminal,01/01/2024 15:42,01/01/2024,15,Monday,0,3231,0:53:51,8.1,424.4,35.5,1.41,0
1,Discord,Communication,Steam,01/01/2024 16:41,01/01/2024,16,Monday,0,6798,1:53:18,2.9,185.9,6.4,4.81,0
1,VLC,Entertainment,Discord,01/01/2024 18:37,01/01/2024,18,Monday,0,436,0:07:16,15.5,83.3,1.8,2.94,0
1,Spotify,Entertainment,VLC,01/01/2024 18:48,01/01/2024,18,Monday,0,3995,1:06:35,7.4,182.4,82.9,0.76,0
1,File Explorer,System,Spotify,01/01/2024 19:59,01/01/2024,19,Monday,0,2791,0:46:31,4.8,71.1,0.8,3.24,0
1,VS Code,Development,File Explorer,01/01/2024 20:50,01/01/2024,20,Monday,0,5159,1:25:59,11.5,356.3,1.3,1.94,0
1,Task Manager,System,VS Code,01/01/2024 22:17,01/01/2024,22,Monday,0,1160,0:19:20,2.6,35.9,1.2,0.97,0
1,Chrome,Browser,Task Manager,01/01/2024 22:38,01/01/2024,22,Monday,0,2656,0:44:16,9.3,1071.9,20.9,3.99,0
1,VS Code,Development,Chrome,01/01/2024 23:26,01/01/2024,23,Monday,0,3962,1:06:02,9.3,416.1,2.8,4.05,0
1,Slack,Communication,VS Code,02/01/2024 0:35,02/01/2024,0,Tuesday,0,4694,1:18:14,2.4,266.3,37.1,1.11,0
1,Spotify,Entertainment,Slack,02/01/2024 1:54,02/01/2024,1,Tuesday,0,776,0:12:56,2.4,139.9,114.1,1.43,0
1,Chrome,Browser,Spotify,02/01/2024 2:09,02/01/2024,2,Tuesday,0,2023,0:33:43,19.6,847.6,45.3,0.54,0
1,Figma,Design,Chrome,02/01/2024 2:45,02/01/2024,2,Tuesday,0,3457,0:57:37,31.1,508.4,1.9,0.34,0
1,Notion,Productivity,Figma,02/01/2024 3:45,02/01/2024,3,Tuesday,0,1092,0:18:12,8.2,283,2.3,1.75,0
1,Discord,Communication,Notion,02/01/2024 4:07,02/01/2024,4,Tuesday,0,5138,1:25:38,2.1,161.5,108.2,3.02,0
1,Figma,Design,Discord,02/01/2024 5:34,02/01/2024,5,Tuesday,0,3805,1:03:25,20.7,343.7,3.4,0.56,0
1,Photoshop,Design,Figma,02/01/2024 6:40,02/01/2024,6,Tuesday,0,4187,1:09:47,55.7,1502.5,2,2.12,0
1,Chrome,Browser,Photoshop,02/01/2024 7:52,02/01/2024,7,Tuesday,0,3356,0:55:56,33.7,602.5,112.8,1.85,0
1,Terminal,Development,Chrome,02/01/2024 8:49,02/01/2024,8,Tuesday,0,1798,0:29:58,23.5,36.8,3,4.22,0
1,PyCharm,Development,Terminal,02/01/2024 9:23,02/01/2024,9,Tuesday,0,4998,1:23:18,8.8,733.6,4.8,2.34,0
1,Terminal,Development,PyCharm,02/01/2024 10:48,02/01/2024,10,Tuesday,0,2717,0:45:17,13.2,93.7,0.1,3.95,0
1,Chrome,Browser,Terminal,02/01/2024 11:38,02/01/2024,11,Tuesday,0,437,0:07:17,31.9,901.2,79.7,2.63,0
1,VS Code,Development,Chrome,02/01/2024 11:46,02/01/2024,11,Tuesday,0,1639,0:27:19,13.6,230.4,3.9,0.84,0
1,Notepad,Productivity,VS Code,02/01/2024 12:14,02/01/2024,12,Tuesday,0,5715,1:35:15,2.5,14.4,3.3,1.21,0
1,VS Code,Development,Notepad,02/01/2024 13:54,02/01/2024,13,Tuesday,0,6213,1:43:33,13.2,402.1,2.8,0.54,0
1,Postman,Development,VS Code,02/01/2024 15:41,02/01/2024,15,Tuesday,0,3892,1:04:52,7.3,233.7,3.9,3.41,0
1,Terminal,Development,Postman,02/01/2024 16:49,02/01/2024,16,Tuesday,0,3291,0:54:51,15.3,99.9,4.9,4.66,0
1,Postman,Development,Terminal,02/01/2024 17:47,02/01/2024,17,Tuesday,0,4211,1:10:11,14.9,228.1,1.9,4.99,0
1,Discord,Communication,Postman,02/01/2024 18:58,02/01/2024,18,Tuesday,0,1646,0:27:26,3.8,282.9,105.4,0.37,0
1,Steam,Entertainment,Discord,02/01/2024 19:27,02/01/2024,19,Tuesday,0,6784,1:53:04,8.8,562.3,36,0.38,0
1,OBS Studio,Entertainment,Steam,02/01/2024 21:21,02/01/2024,21,Tuesday,0,5949,1:39:09,21.2,789,1.8,1.08,0
1,Steam,Entertainment,OBS Studio,02/01/2024 23:03,02/01/2024,23,Tuesday,0,6543,1:49:03,17.9,309.1,26.8,1.06,0
1,Chrome,Browser,Steam,03/01/2024 0:56,03/01/2024,0,Wednesday,0,6014,1:40:14,10.7,771.1,38.3,3.25,0
1,VS Code,Development,Chrome,03/01/2024 2:39,03/01/2024,2,Wednesday,0,4813,1:20:13,21.7,312.4,0.9,3.3,0
1,Slack,Communication,VS Code,03/01/2024 4:04,03/01/2024,4,Wednesday,0,2288,0:38:08,6.7,290.3,87,4.29,0
1,VS Code,Development,Slack,03/01/2024 4:43,03/01/2024,4,Wednesday,0,5475,1:31:15,22.4,312.2,3.7,1.56,0
1,PyCharm,Development,VS Code,03/01/2024 6:18,03/01/2024,6,Wednesday,0,4662,1:17:42,26.3,734.2,2.8,1.76,0
1,Excel,Productivity,PyCharm,03/01/2024 7:40,03/01/2024,7,Wednesday,0,2821,0:47:01,10.8,377.5,2.8,3.86,0
1,Slack,Communication,Excel,03/01/2024 8:31,03/01/2024,8,Wednesday,0,4868,1:21:08,11.7,193.5,108.1,1.63,0
1,VS Code,Development,Slack,03/01/2024 9:57,03/01/2024,9,Wednesday,0,4875,1:21:15,8.7,308.6,0.8,1.46,0
1,Excel,Productivity,VS Code,03/01/2024 11:19,03/01/2024,11,Wednesday,0,5663,1:34:23,22.6,163.9,1.4,1.97,0
1,Word,Productivity,Excel,03/01/2024 12:55,03/01/2024,12,Wednesday,0,2717,0:45:17,3.1,166.6,4.4,3.35,0
1,Notion,Productivity,Word,03/01/2024 13:42,03/01/2024,13,Wednesday,0,5662,1:34:22,3.3,287.3,3.8,0.32,0
1,Chrome,Browser,Notion,03/01/2024 15:18,03/01/2024,15,Wednesday,0,2760,0:46:00,13.5,818.1,78,3.59,0
1,VS Code,Development,Chrome,03/01/2024 16:07,03/01/2024,16,Wednesday,0,4344,1:12:24,9.9,371.5,4.5,0.75,0
1,Terminal,Development,VS Code,03/01/2024 17:20,03/01/2024,17,Wednesday,0,6130,1:42:10,22.3,109.8,4.1,1.13,0
1,Postman,Development,Terminal,03/01/2024 19:04,03/01/2024,19,Wednesday,0,3775,1:02:55,11.4,190.4,4.9,2.97,0
1,VS Code,Development,Postman,03/01/2024 20:07,03/01/2024,20,Wednesday,0,4988,1:23:08,14.3,249.3,0.6,2.25,0
1,Postman,Development,VS Code,03/01/2024 21:32,03/01/2024,21,Wednesday,0,5999,1:39:59,11.4,197.1,3.6,0.4,0
1,Terminal,Development,Postman,03/01/2024 23:16,03/01/2024,23,Wednesday,0,2286,0:38:06,24.8,44.2,1.4,1.65,0
1,PyCharm,Development,Terminal,03/01/2024 23:57,03/01/2024,23,Wednesday,0,6324,1:45:24,33.8,586.6,4.8,1.11,0
1,Chrome,Browser,PyCharm,04/01/2024 1:44,04/01/2024,1,Thursday,0,3377,0:56:17,10.8,791.2,92,2.04,0
1,Notion,Productivity,Chrome,04/01/2024 2:42,04/01/2024,2,Thursday,0,3520,0:58:40,7.6,269.8,2.1,3.36,0
1,Word,Productivity,Notion,04/01/2024 3:45,04/01/2024,3,Thursday,0,4690,1:18:10,6.4,252.2,3.2,4.55,0
1,Notion,Productivity,Word,04/01/2024 5:08,04/01/2024,5,Thursday,0,4238,1:10:38,6.6,339.4,4.3,0.57,0
1,Slack,Communication,Notion,04/01/2024 6:23,04/01/2024,6,Thursday,0,1662,0:27:42,7.6,325.7,89.5,1.86,0
1,Notion,Productivity,Slack,04/01/2024 6:53,04/01/2024,6,Thursday,0,6841,1:54:01,8.2,184.1,3,1.05,0
1,Word,Productivity,Notion,04/01/2024 8:50,04/01/2024,8,Thursday,0,1308,0:21:48,13.1,187.1,1.5,0.25,0
1,Excel,Productivity,Word,04/01/2024 9:14,04/01/2024,9,Thursday,0,745,0:12:25,27.9,365.4,3.8,2.04,0
1,Notion,Productivity,Excel,04/01/2024 9:27,04/01/2024,9,Thursday,0,4221,1:10:21,7.2,319.1,0.8,2.57,0
1,VS Code,Development,Notion,04/01/2024 10:42,04/01/2024,10,Thursday,0,3491,0:58:11,22,321.4,2.2,4.85,0
1,PyCharm,Development,VS Code,04/01/2024 11:43,04/01/2024,11,Thursday,0,6508,1:48:28,26.5,624.7,0.3,1.26,0
1,Postman,Development,PyCharm,04/01/2024 13:33,04/01/2024,13,Thursday,0,1392,0:23:12,5.4,262.9,1.3,2.62,0
1,Terminal,Development,Postman,04/01/2024 14:00,04/01/2024,14,Thursday,0,6219,1:43:39,37.6,46,2.9,3.26,0
1,PyCharm,Development,Terminal,04/01/2024 15:45,04/01/2024,15,Thursday,0,1206,0:20:06,19.9,452.6,2.7,3.26,0
1,Postman,Development,PyCharm,04/01/2024 16:09,04/01/2024,16,Thursday,0,4551,1:15:51,3.3,263.5,1.5,1.32,0
1,Terminal,Development,Postman,04/01/2024 17:26,04/01/2024,17,Thursday,0,1476,0:24:36,15.6,38.6,0.7,3.92,0
1,PyCharm,Development,Terminal,04/01/2024 17:52,04/01/2024,17,Thursday,0,4570,1:16:10,17.2,478.5,2.3,2.28,0
1,Postman,Development,PyCharm,04/01/2024 19:11,04/01/2024,19,Thursday,0,4732,1:18:52,6.6,241.1,4.8,1.58,0
1,Chrome,Browser,Postman,04/01/2024 20:31,04/01/2024,20,Thursday,0,4407,1:13:27,26.7,1170.5,2.9,4.54,0
1,Notion,Productivity,Chrome,04/01/2024 21:49,04/01/2024,21,Thursday,0,2846,0:47:26,11.9,249.8,1.3,1.29,0
1,Chrome,Browser,Notion,04/01/2024 22:39,04/01/2024,22,Thursday,0,4275,1:11:15,29.4,833.7,94.9,0.15,0
1,Excel,Productivity,Chrome,04/01/2024 23:53,04/01/2024,23,Thursday,0,1779,0:29:39,5.8,138.7,4.2,4.21,0
1,Word,Productivity,Excel,05/01/2024 0:26,05/01/2024,0,Friday,0,3980,1:06:20,10.4,160.4,3.9,2.08,0
1,Figma,Design,Word,05/01/2024 1:35,05/01/2024,1,Friday,0,7117,1:58:37,12.5,539.7,5,0.99,0
1,Slack,Communication,Figma,05/01/2024 3:35,05/01/2024,3,Friday,0,4186,1:09:46,4.8,241.5,57.2,3.42,0
1,PyCharm,Development,Slack,05/01/2024 4:46,05/01/2024,4,Friday,0,4477,1:14:37,33.9,676.6,1.4,3.07,0
1,Notepad,Productivity,PyCharm,05/01/2024 6:03,05/01/2024,6,Friday,0,4492,1:14:52,3,20,4.8,2.15,0
1,Chrome,Browser,Notepad,05/01/2024 7:18,05/01/2024,7,Friday,0,5667,1:34:27,33.5,887.8,115.7,4.63,0
1,Excel,Productivity,Chrome,05/01/2024 8:54,05/01/2024,8,Friday,0,4337,1:12:17,15.4,186.8,3,2.31,0
1,Notion,Productivity,Excel,05/01/2024 10:10,05/01/2024,10,Friday,0,1405,0:23:25,8.6,215.5,2.1,3.03,0
1,VS Code,Development,Notion,05/01/2024 10:36,05/01/2024,10,Friday,0,5880,1:38:00,11.9,264.5,3.9,3.86,0
1,PyCharm,Development,VS Code,05/01/2024 12:14,05/01/2024,12,Friday,0,3352,0:55:52,34.8,482.9,1.5,0.78,0
1,Postman,Development,PyCharm,05/01/2024 13:15,05/01/2024,13,Friday,0,114,0:01:54,6.2,205.3,3.4,3.24,0
1,Terminal,Development,Postman,05/01/2024 13:19,05/01/2024,13,Friday,0,3859,1:04:19,23.6,52.4,2.8,0.92,0
1,PyCharm,Development,Terminal,05/01/2024 14:27,05/01/2024,14,Friday,0,6481,1:48:01,26.1,679.7,2.9,2.95,0
1,VS Code,Development,PyCharm,05/01/2024 16:17,05/01/2024,16,Friday,0,3236,0:53:56,16.8,356.6,1.2,4.84,0
1,Terminal,Development,VS Code,05/01/2024 17:16,05/01/2024,17,Friday,0,3245,0:54:05,16.2,60,2.4,2.61,0
1,Chrome,Browser,Terminal,05/01/2024 18:10,05/01/2024,18,Friday,0,2652,0:44:12,12.9,671.7,103.8,3.81,0
1,Notion,Productivity,Chrome,05/01/2024 18:57,05/01/2024,18,Friday,0,2377,0:39:37,9.3,322,2.9,2.02,0
1,Slack,Communication,Notion,05/01/2024 19:39,05/01/2024,19,Friday,0,2892,0:48:12,7.8,291,116.2,3.6,0
1,Chrome,Browser,Slack,05/01/2024 20:31,05/01/2024,20,Friday,0,3790,1:03:10,16.9,718,123.7,0.95,0
1,Excel,Productivity,Chrome,05/01/2024 21:36,05/01/2024,21,Friday,0,1390,0:23:10,9.3,153.9,0.6,2.13,0
1,Notion,Productivity,Excel,05/01/2024 22:01,05/01/2024,22,Friday,0,4333,1:12:13,10.2,367.9,4.5,3,0
1,VS Code,Development,Notion,05/01/2024 23:17,05/01/2024,23,Friday,0,1293,0:21:33,11.5,258.9,4.5,0.64,0
1,Figma,Design,VS Code,05/01/2024 23:44,05/01/2024,23,Friday,0,1131,0:18:51,36.8,544.3,4.4,4.49,0
1,Notion,Productivity,Figma,06/01/2024 0:05,06/01/2024,0,Saturday,1,6991,1:56:31,9.2,281.9,2.3,1.45,0
1,Slack,Communication,Notion,06/01/2024 2:07,06/01/2024,2,Saturday,1,3562,0:59:22,4.8,273.5,49.1,0.61,0
1,Notion,Productivity,Slack,06/01/2024 3:08,06/01/2024,3,Saturday,1,438,0:07:18,3.9,348.1,3.4,4.03,0
1,PyCharm,Development,Notion,06/01/2024 3:18,06/01/2024,3,Saturday,1,3368,0:56:08,20.5,434.1,0.3,3.94,0
1,Postman,Development,PyCharm,06/01/2024 4:17,06/01/2024,4,Saturday,1,2940,0:49:00,10.5,199.6,0.5,2.2,0
1,Chrome,Browser,Postman,06/01/2024 5:08,06/01/2024,5,Saturday,1,6968,1:56:08,22.2,1104.9,81.6,3.68,0
1,Excel,Productivity,Chrome,06/01/2024 7:05,06/01/2024,7,Saturday,1,6803,1:53:23,10.1,161.7,3.2,3.42,0
1,Chrome,Browser,Excel,06/01/2024 9:01,06/01/2024,9,Saturday,1,2654,0:44:14,29.2,946.4,52.8,1.79,0
1,Notion,Productivity,Chrome,06/01/2024 9:46,06/01/2024,9,Saturday,1,3599,0:59:59,7.3,289.6,0.7,4.19,0
1,Word,Productivity,Notion,06/01/2024 10:50,06/01/2024,10,Saturday,1,6136,1:42:16,15.7,288.2,0.7,0.62,0
1,PyCharm,Development,Word,06/01/2024 12:34,06/01/2024,12,Saturday,1,5388,1:29:48,21.2,566.4,0.3,4.76,0
1,OBS Studio,Entertainment,PyCharm,06/01/2024 14:05,06/01/2024,14,Saturday,1,1671,0:27:51,63.3,441.2,0.8,2.5,1
1,PyCharm,Development,OBS Studio,06/01/2024 14:37,06/01/2024,14,Saturday,1,1370,0:22:50,27.6,883.8,1.9,4.94,0
1,Postman,Development,PyCharm,06/01/2024 15:01,06/01/2024,15,Saturday,1,4076,1:07:56,11.6,194.3,0.2,4.94,0
1,Chrome,Browser,Postman,06/01/2024 16:11,06/01/2024,16,Saturday,1,4312,1:11:52,20.6,727.5,0.2,4.47,0
1,Slack,Communication,Chrome,06/01/2024 17:28,06/01/2024,17,Saturday,1,5493,1:31:33,11.6,278,56.4,0.9,0
1,Zoom,Communication,Slack,06/01/2024 19:02,06/01/2024,19,Saturday,1,1539,0:25:39,52.7,412.7,72.8,4.67,0
1,Word,Productivity,Zoom,06/01/2024 19:29,06/01/2024,19,Saturday,1,2055,0:34:15,6.8,187.9,2.9,0.21,0
1,Excel,Productivity,Word,06/01/2024 20:08,06/01/2024,20,Saturday,1,3413,0:56:53,16.2,331.5,3,0.79,0
1,Chrome,Browser,Excel,06/01/2024 21:06,06/01/2024,21,Saturday,1,152,0:02:32,10.6,1043.9,148.8,4.07,0
1,Figma,Design,Chrome,06/01/2024 21:13,06/01/2024,21,Saturday,1,6498,1:48:18,36,365.8,3.8,2.02,0
1,PyCharm,Development,Figma,06/01/2024 23:04,06/01/2024,23,Saturday,1,410,0:06:50,21.7,892,4.1,3.32,0
1,Slack,Communication,PyCharm,06/01/2024 23:11,06/01/2024,23,Saturday,1,5081,1:24:41,10.8,307.2,48.2,1.9,0
1,Notion,Productivity,Slack,07/01/2024 0:39,07/01/2024,0,Sunday,1,6007,1:40:07,8.2,205.6,1.9,4.58,0
1,Word,Productivity,Notion,07/01/2024 2:21,07/01/2024,2,Sunday,1,4609,1:16:49,10.3,246.2,2.7,2.24,0
1,Zoom,Communication,Word,07/01/2024 3:42,07/01/2024,3,Sunday,1,474,0:07:54,16.9,402.9,60.7,1.43,0
1,Slack,Communication,Zoom,07/01/2024 3:51,07/01/2024,3,Sunday,1,2590,0:43:10,10.1,298.4,118,2.93,0
1,Zoom,Communication,Slack,07/01/2024 4:38,07/01/2024,4,Sunday,1,4800,1:20:00,16.6,380.6,51.1,0.66,0
1,Chrome,Browser,Zoom,07/01/2024 5:58,07/01/2024,5,Sunday,1,4957,1:22:37,20.5,1016.8,72,3.63,0
1,Task Manager,System,Chrome,07/01/2024 7:25,07/01/2024,7,Sunday,1,1423,0:23:43,3.7,15.3,0,2.76,0
1,File Explorer,System,Task Manager,07/01/2024 7:54,07/01/2024,7,Sunday,1,4873,1:21:13,4.7,21.9,3.8,4.89,0
1,PyCharm,Development,File Explorer,07/01/2024 9:20,07/01/2024,9,Sunday,1,6038,1:40:38,31.3,817.7,0.1,0.15,0
1,Terminal,Development,PyCharm,07/01/2024 11:01,07/01/2024,11,Sunday,1,6467,1:47:47,9.8,57.6,4.5,0.58,0
1,Chrome,Browser,Terminal,07/01/2024 12:52,07/01/2024,12,Sunday,1,4082,1:08:02,29.8,819.5,89.7,4.38,0
1,Notion,Productivity,Chrome,07/01/2024 14:05,07/01/2024,14,Sunday,1,2383,0:39:43,4.5,333.4,3.6,3.91,0
1,VS Code,Development,Notion,07/01/2024 14:48,07/01/2024,14,Sunday,1,3706,1:01:46,5.3,260.2,1.6,1.89,0
1,Steam,Entertainment,VS Code,07/01/2024 15:53,07/01/2024,15,Sunday,1,6126,1:42:06,15.5,541.9,105.7,2.28,0
1,Chrome,Browser,Steam,07/01/2024 17:37,07/01/2024,17,Sunday,1,284,0:04:44,11.8,818,6.6,3.15,0
1,Excel,Productivity,Chrome,07/01/2024 17:45,07/01/2024,17,Sunday,1,6269,1:44:29,6,236.9,3.1,4.31,0
1,Word,Productivity,Excel,07/01/2024 19:31,07/01/2024,19,Sunday,1,7163,1:59:23,5.8,206.2,1.3,0.54,0
1,Chrome,Browser,Word,07/01/2024 21:33,07/01/2024,21,Sunday,1,5079,1:24:39,33.5,1050.9,82.6,2.35,0
1,Slack,Communication,Chrome,07/01/2024 23:01,07/01/2024,23,Sunday,1,2410,0:40:10,10,337,116.8,2.69,0
1,File Explorer,System,Slack,07/01/2024 23:42,07/01/2024,23,Sunday,1,3097,0:51:37,1.5,30.3,3.7,0.39,0
1,Notepad,Productivity,File Explorer,08/01/2024 0:37,08/01/2024,0,Monday,0,1952,0:32:32,1.8,32.5,1.8,4.2,0
1,Chrome,Browser,Notepad,08/01/2024 1:15,08/01/2024,1,Monday,0,4709,1:18:29,12.4,889,36.6,3.59,0
1,Discord,Communication,Chrome,08/01/2024 2:34,08/01/2024,2,Monday,0,676,0:11:16,5.1,204.8,15.7,0.13,0
1,VS Code,Development,Discord,08/01/2024 2:48,08/01/2024,2,Monday,0,965,0:16:05,22,284.4,0,1.65,0
1,Slack,Communication,VS Code,08/01/2024 3:06,08/01/2024,3,Monday,0,4429,1:13:49,2.8,322.8,100.4,4.54,0
1,Chrome,Browser,Slack,08/01/2024 4:23,08/01/2024,4,Monday,0,2609,0:43:29,8.2,483.7,11.9,0.81,0
1,Discord,Communication,Chrome,08/01/2024 5:09,08/01/2024,5,Monday,0,505,0:08:25,6.7,170.7,69.5,1.48,0
1,Spotify,Entertainment,Discord,08/01/2024 5:22,08/01/2024,5,Monday,0,471,0:07:51,4.3,146.2,28,0.76,0
1,Notion,Productivity,Spotify,08/01/2024 5:33,08/01/2024,5,Monday,0,3946,1:05:46,9.9,232.3,2.3,3.1,0
1,Chrome,Browser,Notion,08/01/2024 6:42,08/01/2024,6,Monday,0,4047,1:07:27,20.5,1063.3,67.4,4.52,0
1,Excel,Productivity,Chrome,08/01/2024 7:54,08/01/2024,7,Monday,0,416,0:06:56,29.6,324.1,0.3,0.81,0
1,Word,Productivity,Excel,08/01/2024 8:03,08/01/2024,8,Monday,0,1951,0:32:31,3.2,180.7,4.1,4.58,0
1,PyCharm,Development,Word,08/01/2024 8:38,08/01/2024,8,Monday,0,5087,1:24:47,30.4,408.3,4.5,4.53,0
1,VS Code,Development,PyCharm,08/01/2024 10:06,08/01/2024,10,Monday,0,6581,1:49:41,20.1,326.7,3.1,1.49,0
1,Postman,Development,VS Code,08/01/2024 11:58,08/01/2024,11,Monday,0,4834,1:20:34,13.9,270.8,0.4,2.65,0
1,Task Manager,System,Postman,08/01/2024 13:20,08/01/2024,13,Monday,0,1965,0:32:45,2.6,15.3,1.8,3.52,0
1,Chrome,Browser,Task Manager,08/01/2024 13:54,08/01/2024,13,Monday,0,7066,1:57:46,9.3,1096.6,64.8,3.13,0
1,Slack,Communication,Chrome,08/01/2024 15:56,08/01/2024,15,Monday,0,168,0:02:48,2.8,312.7,26.7,0.86,0
1,Word,Productivity,Slack,08/01/2024 16:02,08/01/2024,16,Monday,0,1290,0:21:30,16.3,131.5,1.6,2.67,0
1,Excel,Productivity,Word,08/01/2024 16:27,08/01/2024,16,Monday,0,3069,0:51:09,14.7,202.6,4.8,3.93,0
1,Word,Productivity,Excel,08/01/2024 17:21,08/01/2024,17,Monday,0,6529,1:48:49,16,191.7,2.5,4.95,0
1,Chrome,Browser,Word,08/01/2024 19:12,08/01/2024,19,Monday,0,1620,0:27:00,17.3,439.1,118.9,4.96,0
1,Slack,Communication,Chrome,08/01/2024 19:42,08/01/2024,19,Monday,0,2479,0:41:19,5.7,330.3,34.5,0.93,0
1,Notion,Productivity,Slack,08/01/2024 20:26,08/01/2024,20,Monday,0,1116,0:18:36,5.8,236.8,3.9,2.19,0
1,Chrome,Browser,Notion,08/01/2024 20:46,08/01/2024,20,Monday,0,4647,1:17:27,17.8,789.6,53.1,2.84,0
1,Discord,Communication,Chrome,08/01/2024 22:06,08/01/2024,22,Monday,0,2213,0:36:53,3.3,217.3,5.3,3.04,0
1,Spotify,Entertainment,Discord,08/01/2024 22:44,08/01/2024,22,Monday,0,1026,0:17:06,4.3,143.5,24,4.92,0
1,Postman,Development,Spotify,08/01/2024 23:02,08/01/2024,23,Monday,0,3519,0:58:39,14.8,151.4,4.7,2.42,0
1,VLC,Entertainment,Postman,09/01/2024 0:01,09/01/2024,0,Tuesday,0,3319,0:55:19,14.5,189.5,4.6,1.87,0
1,Chrome,Browser,VLC,09/01/2024 0:57,09/01/2024,0,Tuesday,0,2375,0:39:35,25.9,739.8,141,1.82,0
1,VS Code,Development,Chrome,09/01/2024 1:41,09/01/2024,1,Tuesday,0,548,0:09:08,20.4,406.7,3.6,4.28,0
1,Postman,Development,VS Code,09/01/2024 1:53,09/01/2024,1,Tuesday,0,2694,0:44:54,13.9,163.2,2.7,2.84,0
1,Terminal,Development,Postman,09/01/2024 2:38,09/01/2024,2,Tuesday,0,4972,1:22:52,18.2,31.7,4.1,3.92,0
1,VS Code,Development,Terminal,09/01/2024 4:01,09/01/2024,4,Tuesday,0,1435,0:23:55,14.6,294.1,2.9,2.02,0
1,Postman,Development,VS Code,09/01/2024 4:29,09/01/2024,4,Tuesday,0,3933,1:05:33,4.6,256.2,1.6,3.72,0
1,Chrome,Browser,Postman,09/01/2024 5:35,09/01/2024,5,Tuesday,0,3288,0:54:48,32.3,656.9,42.8,2.07,0
1,Slack,Communication,Chrome,09/01/2024 6:32,09/01/2024,6,Tuesday,0,5125,1:25:25,4.6,184.9,48.3,1.83,0
1,Zoom,Communication,Slack,09/01/2024 8:00,09/01/2024,8,Tuesday,0,2761,0:46:01,29.5,477.4,90.1,2.54,0
1,Word,Productivity,Zoom,09/01/2024 8:47,09/01/2024,8,Tuesday,0,3773,1:02:53,13,317.6,4.9,4.86,0
1,Slack,Communication,Word,09/01/2024 9:50,09/01/2024,9,Tuesday,0,6503,1:48:23,11.4,304.2,70.2,3.79,0
1,VS Code,Development,Slack,09/01/2024 11:41,09/01/2024,11,Tuesday,0,6446,1:47:26,20.3,265,3.8,1.96,0
1,Slack,Communication,VS Code,09/01/2024 13:33,09/01/2024,13,Tuesday,0,5031,1:23:51,9.5,249.5,114.7,0.71,0
1,Excel,Productivity,Slack,09/01/2024 14:58,09/01/2024,14,Tuesday,0,4748,1:19:08,23.4,203.9,2.8,4.25,0
1,Chrome,Browser,Excel,09/01/2024 16:21,09/01/2024,16,Tuesday,0,620,0:10:20,17.8,637,28.3,3.85,0
1,Discord,Communication,Chrome,09/01/2024 16:33,09/01/2024,16,Tuesday,0,2024,0:33:44,8.8,221.9,111.4,0.2,0
1,Spotify,Entertainment,Discord,09/01/2024 17:07,09/01/2024,17,Tuesday,0,1680,0:28:00,2.8,124.2,14.1,4.74,0
1,VS Code,Development,Spotify,09/01/2024 17:36,09/01/2024,17,Tuesday,0,3422,0:57:02,19,351.5,4,2.3,0
1,Slack,Communication,VS Code,09/01/2024 18:34,09/01/2024,18,Tuesday,0,4979,1:22:59,6.6,184.9,147.9,3.07,0
1,Excel,Productivity,Slack,09/01/2024 19:57,09/01/2024,19,Tuesday,0,4038,1:07:18,12.6,312.4,3.5,1.83,0
1,Chrome,Browser,Excel,09/01/2024 21:06,09/01/2024,21,Tuesday,0,5465,1:31:05,25.1,861.5,95.2,2.62,0
1,Discord,Communication,Chrome,09/01/2024 22:41,09/01/2024,22,Tuesday,0,6117,1:41:57,8.8,219.2,99.1,0.5,0
1,VS Code,Development,Discord,10/01/2024 0:27,10/01/2024,0,Wednesday,0,3388,0:56:28,5.5,260.3,0.2,0.74,0
1,Terminal,Development,VS Code,10/01/2024 1:24,10/01/2024,1,Wednesday,0,2590,0:43:10,15.9,83.9,4.9,0.65,0
1,Chrome,Browser,Terminal,10/01/2024 2:11,10/01/2024,2,Wednesday,0,2397,0:39:57,31.5,1029.3,145.7,2.73,0
1,Excel,Productivity,Chrome,10/01/2024 2:55,10/01/2024,2,Wednesday,0,4986,1:23:06,16.9,279.5,3.3,3.98,0
1,Notion,Productivity,Excel,10/01/2024 4:22,10/01/2024,4,Wednesday,0,4255,1:10:55,6.8,304.6,2.7,3.65,0
1,Terminal,Development,Notion,10/01/2024 5:34,10/01/2024,5,Wednesday,0,4436,1:13:56,8.3,117.5,1.8,1.7,0
1,Postman,Development,Terminal,10/01/2024 6:52,10/01/2024,6,Wednesday,0,6703,1:51:43,11.1,216.7,2.6,3.97,0
1,Chrome,Browser,Postman,10/01/2024 8:46,10/01/2024,8,Wednesday,0,6805,1:53:25,10.7,647.1,19.2,3.09,0
1,Notion,Productivity,Chrome,10/01/2024 10:42,10/01/2024,10,Wednesday,0,3909,1:05:09,11.9,342.3,2.4,4.59,0
1,Chrome,Browser,Notion,10/01/2024 11:51,10/01/2024,11,Wednesday,0,6318,1:45:18,27.7,1071.8,46.7,1.9,0
1,Notion,Productivity,Chrome,10/01/2024 13:40,10/01/2024,13,Wednesday,0,4185,1:09:45,10.7,322.7,4.4,1.79,0
1,VS Code,Development,Notion,10/01/2024 14:51,10/01/2024,14,Wednesday,0,5654,1:34:14,6.6,439.1,3.8,3.52,0
1,Terminal,Development,VS Code,10/01/2024 16:26,10/01/2024,16,Wednesday,0,5536,1:32:16,21.1,61.7,1.3,0.67,0
1,Chrome,Browser,Terminal,10/01/2024 18:00,10/01/2024,18,Wednesday,0,1850,0:30:50,29.4,604.1,96.4,3.89,0
1,Excel,Productivity,Chrome,10/01/2024 18:33,10/01/2024,18,Wednesday,0,3445,0:57:25,19.7,145,3.1,4.6,0
1,Chrome,Browser,Excel,10/01/2024 19:35,10/01/2024,19,Wednesday,0,208,0:03:28,11.7,1155.8,43.8,4.87,0
1,Discord,Communication,Chrome,10/01/2024 19:39,10/01/2024,19,Wednesday,0,184,0:03:04,2.7,292.8,73.2,3.99,0
1,VS Code,Development,Discord,10/01/2024 19:44,10/01/2024,19,Wednesday,0,256,0:04:16,22.9,267.2,3,2.01,0
1,Figma,Design,VS Code,10/01/2024 19:51,10/01/2024,19,Wednesday,0,5243,1:27:23,25.3,479.5,0.3,2.71,0
1,Slack,Communication,Figma,10/01/2024 21:20,10/01/2024,21,Wednesday,0,5741,1:35:41,2.6,181,71.6,1.08,0
1,Photoshop,Design,Slack,10/01/2024 22:56,10/01/2024,22,Wednesday,0,270,0:04:30,33.1,908.2,0.3,0.83,0
1,Chrome,Browser,Photoshop,10/01/2024 23:01,10/01/2024,23,Wednesday,0,625,0:10:25,8.3,853.6,94.3,3.21,0
1,Excel,Productivity,Chrome,10/01/2024 23:14,10/01/2024,23,Wednesday,0,4899,1:21:39,11.4,250.6,4.4,1.84,0
1,Word,Productivity,Excel,11/01/2024 0:40,11/01/2024,0,Thursday,0,1653,0:27:33,10.2,294.5,1.7,2.74,0
1,Excel,Productivity,Word,11/01/2024 1:10,11/01/2024,1,Thursday,0,5837,1:37:17,20,263.2,1.7,2.51,0
1,Slack,Communication,Excel,11/01/2024 2:48,11/01/2024,2,Thursday,0,6076,1:41:16,11.6,263,95.5,1.81,0
1,Chrome,Browser,Slack,11/01/2024 4:33,11/01/2024,4,Thursday,0,2152,0:35:52,21.1,1070.9,137.3,1.69,0
1,Chrome,Browser,Chrome,11/01/2024 5:12,11/01/2024,5,Thursday,0,5669,1:34:29,18.6,598.5,16.6,1.36,0
1,Slack,Communication,Chrome,11/01/2024 6:49,11/01/2024,6,Thursday,0,291,0:04:51,5,262.1,121.1,3.22,0
1,Excel,Productivity,Slack,11/01/2024 6:58,11/01/2024,6,Thursday,0,855,0:14:15,13.4,225.7,4.7,1.85,0
1,Notion,Productivity,Excel,11/01/2024 7:15,11/01/2024,7,Thursday,0,2463,0:41:03,3.7,302.4,4.6,3.81,0
1,Notion,Productivity,Notion,11/01/2024 8:01,11/01/2024,8,Thursday,0,2472,0:41:12,3.1,245.9,3.1,3.2,0
1,VS Code,Development,Notion,11/01/2024 8:46,11/01/2024,8,Thursday,0,1301,0:21:41,24.7,246.6,4.4,0.2,0
1,PyCharm,Development,VS Code,11/01/2024 9:10,11/01/2024,9,Thursday,0,2062,0:34:22,27.5,497.2,3.4,0.49,0
1,Discord,Communication,PyCharm,11/01/2024 9:48,11/01/2024,9,Thursday,0,1467,0:24:27,10,253.4,71.7,3.61,0
1,Chrome,Browser,Discord,11/01/2024 10:12,11/01/2024,10,Thursday,0,6692,1:51:32,19.3,1167.3,101.7,3.4,0
1,Excel,Productivity,Chrome,11/01/2024 12:05,11/01/2024,12,Thursday,0,5322,1:28:42,11,255.5,1.6,0.94,0
1,Word,Productivity,Excel,11/01/2024 13:35,11/01/2024,13,Thursday,0,613,0:10:13,14.5,174.5,4.3,1.73,0
1,Excel,Productivity,Word,11/01/2024 13:48,11/01/2024,13,Thursday,0,4993,1:23:13,12.5,146.2,4.9,2.91,0
1,VS Code,Development,Excel,11/01/2024 15:15,11/01/2024,15,Thursday,0,2390,0:39:50,5.5,268.2,1.1,2.96,0
1,Steam,Entertainment,VS Code,11/01/2024 15:58,11/01/2024,15,Thursday,0,6477,1:47:57,10.3,265.1,112,0.23,0
1,OBS Studio,Entertainment,Steam,11/01/2024 17:50,11/01/2024,17,Thursday,0,3531,0:58:51,67.3,513.3,2,1.74,1
1,Chrome,Browser,OBS Studio,11/01/2024 18:49,11/01/2024,18,Thursday,0,3795,1:03:15,19.8,712.3,16.2,3.23,0
1,Notion,Productivity,Chrome,11/01/2024 19:57,11/01/2024,19,Thursday,0,2957,0:49:17,6.2,300.2,1.2,0.49,0
1,VS Code,Development,Notion,11/01/2024 20:50,11/01/2024,20,Thursday,0,3157,0:52:37,15.1,273.1,0.5,3.54,0
1,PyCharm,Development,VS Code,11/01/2024 21:45,11/01/2024,21,Thursday,0,5985,1:39:45,11.7,462.2,2.1,3.15,0
1,OBS Studio,Entertainment,PyCharm,11/01/2024 23:27,11/01/2024,23,Thursday,0,6792,1:53:12,45.6,802.3,1.8,0.24,0
1,Steam,Entertainment,OBS Studio,12/01/2024 1:24,12/01/2024,1,Friday,0,5744,1:35:44,10.8,497.4,134.8,3.29,0
1,Discord,Communication,Steam,12/01/2024 3:00,12/01/2024,3,Friday,0,2290,0:38:10,2.1,207.7,97.7,4.32,0
1,Slack,Communication,Discord,12/01/2024 3:42,12/01/2024,3,Friday,0,3882,1:04:42,3.3,266.7,85.6,4.16,0
1,Notion,Productivity,Slack,12/01/2024 4:48,12/01/2024,4,Friday,0,2734,0:45:34,5.1,218.6,3.6,1.94,0
1,Word,Productivity,Notion,12/01/2024 5:38,12/01/2024,5,Friday,0,6931,1:55:31,5.8,213.7,4.2,2.9,0
1,Excel,Productivity,Word,12/01/2024 7:35,12/01/2024,7,Friday,0,7019,1:56:59,19.7,389.1,0.7,1.03,0
1,Word,Productivity,Excel,12/01/2024 9:34,12/01/2024,9,Friday,0,3101,0:51:41,14.9,236.8,3.3,3.32,0
1,Notion,Productivity,Word,12/01/2024 10:27,12/01/2024,10,Friday,0,6107,1:41:47,10.8,288.2,1.5,0.58,0
1,VS Code,Development,Notion,12/01/2024 12:11,12/01/2024,12,Friday,0,3671,1:01:11,21.7,448.5,2.5,4.49,0
1,Chrome,Browser,VS Code,12/01/2024 13:16,12/01/2024,13,Friday,0,4036,1:07:16,23,516.5,126.4,1.82,0
1,Excel,Productivity,Chrome,12/01/2024 14:24,12/01/2024,14,Friday,0,5702,1:35:02,15.6,290.5,2.8,2.03,0
1,Slack,Communication,Excel,12/01/2024 15:59,12/01/2024,15,Friday,0,3114,0:51:54,5.7,219.4,51.8,4.71,0
1,Notion,Productivity,Slack,12/01/2024 16:55,12/01/2024,16,Friday,0,2682,0:44:42,11.9,303.1,4.2,3.49,0
1,Chrome,Browser,Notion,12/01/2024 17:44,12/01/2024,17,Friday,0,5506,1:31:46,15.4,459.8,116.3,2.55,0
1,VS Code,Development,Chrome,12/01/2024 19:16,12/01/2024,19,Friday,0,5873,1:37:53,17.2,266.4,4,3.84,0
1,Postman,Development,VS Code,12/01/2024 20:57,12/01/2024,20,Friday,0,3741,1:02:21,11.6,172.6,4.6,2.8,0
1,Spotify,Entertainment,Postman,12/01/2024 22:00,12/01/2024,22,Friday,0,3195,0:53:15,4.2,219.8,83,0.19,0
1,Word,Productivity,Spotify,12/01/2024 22:56,12/01/2024,22,Friday,0,3057,0:50:57,10.2,110,0.8,1.97,0
1,Chrome,Browser,Word,12/01/2024 23:49,12/01/2024,23,Friday,0,2237,0:37:17,24.5,1087.6,123.5,3.5,0
1,Notion,Productivity,Chrome,13/01/2024 0:28,13/01/2024,0,Saturday,1,1445,0:24:05,5.7,319.6,1.4,4.03,0
1,Chrome,Browser,Notion,13/01/2024 0:53,13/01/2024,0,Saturday,1,4761,1:19:21,22.9,479.3,53.2,0.48,0
1,Discord,Communication,Chrome,13/01/2024 2:14,13/01/2024,2,Saturday,1,4956,1:22:36,8.3,189.4,33.3,3.2,0
1,VS Code,Development,Discord,13/01/2024 3:40,13/01/2024,3,Saturday,1,5410,1:30:10,7,409.6,0.2,4.43,0
1,Slack,Communication,VS Code,13/01/2024 5:11,13/01/2024,5,Saturday,1,1674,0:27:54,4.5,217.4,94.8,2.51,0
1,VS Code,Development,Slack,13/01/2024 5:40,13/01/2024,5,Saturday,1,970,0:16:10,19.6,412.3,1.6,0.84,0
1,Slack,Communication,VS Code,13/01/2024 5:59,13/01/2024,5,Saturday,1,4726,1:18:46,10,259,89.5,1.87,0
1,Excel,Productivity,Slack,13/01/2024 7:19,13/01/2024,7,Saturday,1,1741,0:29:01,10.5,316.5,1.5,3.07,0
1,Word,Productivity,Excel,13/01/2024 7:51,13/01/2024,7,Saturday,1,6053,1:40:53,11.7,256.5,4.4,0.66,0
1,Chrome,Browser,Word,13/01/2024 9:33,13/01/2024,9,Saturday,1,4251,1:10:51,26.9,723.9,80.8,2.66,0
1,Slack,Communication,Chrome,13/01/2024 10:47,13/01/2024,10,Saturday,1,3795,1:03:15,11.7,236.7,45,4.99,0
1,Chrome,Browser,Slack,13/01/2024 11:55,13/01/2024,11,Saturday,1,3691,1:01:31,20.7,648.7,123.9,2.19,0
1,VLC,Entertainment,Chrome,13/01/2024 12:58,13/01/2024,12,Saturday,1,3183,0:53:03,24.3,87.7,0.4,4.46,0
1,Chrome,Browser,VLC,13/01/2024 13:54,13/01/2024,13,Saturday,1,2377,0:39:37,17.5,793.4,2,0.53,0
1,Slack,Communication,Chrome,13/01/2024 14:38,13/01/2024,14,Saturday,1,4914,1:21:54,2.2,181.9,134.2,1.32,0
1,Chrome,Browser,Slack,13/01/2024 16:03,13/01/2024,16,Saturday,1,5433,1:30:33,22,1134.7,45.5,3.53,0
1,VLC,Entertainment,Chrome,13/01/2024 17:38,13/01/2024,17,Saturday,1,5784,1:36:24,9.6,187.7,1.1,1.62,0
1,Spotify,Entertainment,VLC,13/01/2024 19:15,13/01/2024,19,Saturday,1,1694,0:28:14,3.6,116.1,69.3,4.14,0
1,Discord,Communication,Spotify,13/01/2024 19:45,13/01/2024,19,Saturday,1,5086,1:24:46,4.5,150.1,62.6,1.65,0
1,VS Code,Development,Discord,13/01/2024 21:11,13/01/2024,21,Saturday,1,1330,0:22:10,11.1,304.5,3.1,3.06,0
1,Terminal,Development,VS Code,13/01/2024 21:35,13/01/2024,21,Saturday,1,5507,1:31:47,6.7,99,1.5,4.32,0
1,PyCharm,Development,Terminal,13/01/2024 23:09,13/01/2024,23,Saturday,1,1181,0:19:41,33,775.8,0.6,1,0
1,Chrome,Browser,PyCharm,13/01/2024 23:30,13/01/2024,23,Saturday,1,3457,0:57:37,27.4,826.7,119,1.9,0
1,Excel,Productivity,Chrome,14/01/2024 0:28,14/01/2024,0,Sunday,1,250,0:04:10,22.5,228.8,2.9,1.64,0
1,Notion,Productivity,Excel,14/01/2024 0:37,14/01/2024,0,Sunday,1,192,0:03:12,9.1,261.3,3,2.41,0
1,VS Code,Development,Notion,14/01/2024 0:44,14/01/2024,0,Sunday,1,3649,1:00:49,15.9,335.1,0,0.5,0
1,Postman,Development,VS Code,14/01/2024 1:46,14/01/2024,1,Sunday,1,4019,1:06:59,10.6,245.4,1,4.25,0
1,VS Code,Development,Postman,14/01/2024 2:57,14/01/2024,2,Sunday,1,3673,1:01:13,14.8,301.5,0.3,3.28,0
1,Terminal,Development,VS Code,14/01/2024 4:01,14/01/2024,4,Sunday,1,6316,1:45:16,11.6,35.5,0.6,4.55,0
1,Postman,Development,Terminal,14/01/2024 5:47,14/01/2024,5,Sunday,1,4190,1:09:50,4.8,151.9,2.5,3.51,0
1,Zoom,Communication,Postman,14/01/2024 7:02,14/01/2024,7,Sunday,1,4088,1:08:08,20.7,492.5,101.6,2.21,0
1,Notion,Productivity,Zoom,14/01/2024 8:11,14/01/2024,8,Sunday,1,4593,1:16:33,11.7,359,0.8,3.91,0
1,Chrome,Browser,Notion,14/01/2024 9:28,14/01/2024,9,Sunday,1,330,0:05:30,22.9,758.6,55.7,3.62,0
1,Figma,Design,Chrome,14/01/2024 9:36,14/01/2024,9,Sunday,1,4399,1:13:19,15,367.1,3.5,0.76,0
1,Chrome,Browser,Figma,14/01/2024 10:52,14/01/2024,10,Sunday,1,1186,0:19:46,14.8,546,130,0.48,0
1,Slack,Communication,Chrome,14/01/2024 11:15,14/01/2024,11,Sunday,1,6709,1:51:49,8.2,322.2,20.1,4.53,0
1,Zoom,Communication,Slack,14/01/2024 13:11,14/01/2024,13,Sunday,1,267,0:04:27,44.4,473.3,123.2,1.82,0
1,Word,Productivity,Zoom,14/01/2024 13:18,14/01/2024,13,Sunday,1,3218,0:53:38,13.3,276.8,3.5,3.2,0
1,Excel,Productivity,Word,14/01/2024 14:16,14/01/2024,14,Sunday,1,35,0:00:35,21.2,140.1,1.6,2.3,0
1,Excel,Productivity,Excel,14/01/2024 14:17,14/01/2024,14,Sunday,1,510,0:08:30,15.8,200.1,2.9,0.44,0
1,Word,Productivity,Excel,14/01/2024 14:28,14/01/2024,14,Sunday,1,1726,0:28:46,3.2,126.7,4.6,4.53,0
1,Slack,Communication,Word,14/01/2024 14:58,14/01/2024,14,Sunday,1,2302,0:38:22,4.7,323.2,92.8,4.2,0
1,Excel,Productivity,Slack,14/01/2024 15:37,14/01/2024,15,Sunday,1,3608,1:00:08,18.2,301.3,2.4,1.69,0
1,Chrome,Browser,Excel,14/01/2024 16:42,14/01/2024,16,Sunday,1,4231,1:10:31,21.1,1065.7,128,0.62,0
1,VS Code,Development,Chrome,14/01/2024 17:56,14/01/2024,17,Sunday,1,5504,1:31:44,21.8,439.8,3.5,2.71,0
1,PyCharm,Development,VS Code,14/01/2024 19:30,14/01/2024,19,Sunday,1,6002,1:40:02,22.7,687.3,4.6,3.19,0
1,Chrome,Browser,PyCharm,14/01/2024 21:13,14/01/2024,21,Sunday,1,2400,0:40:00,32.7,983.1,74.5,0.9,0
1,VS Code,Development,Chrome,14/01/2024 21:55,14/01/2024,21,Sunday,1,6522,1:48:42,16,280.4,1.7,3.86,0
1,Chrome,Browser,VS Code,14/01/2024 23:47,14/01/2024,23,Sunday,1,5858,1:37:38,14.4,924.9,19.7,4.77,0
1,Notion,Productivity,Chrome,15/01/2024 1:27,15/01/2024,1,Monday,0,1292,0:21:32,9.9,236.7,2.1,4.97,0
1,File Explorer,System,Notion,15/01/2024 1:52,15/01/2024,1,Monday,0,2580,0:43:00,2,32.9,0,0.54,0
1,VS Code,Development,File Explorer,15/01/2024 2:35,15/01/2024,2,Monday,0,1087,0:18:07,5.8,358.3,3,3.36,0
1,Postman,Development,VS Code,15/01/2024 2:57,15/01/2024,2,Monday,0,6936,1:55:36,7.2,217.9,1,1.04,0
1,Excel,Productivity,Postman,15/01/2024 4:55,15/01/2024,4,Monday,0,2333,0:38:53,21.1,300.1,3.2,4.61,0
1,Chrome,Browser,Excel,15/01/2024 5:38,15/01/2024,5,Monday,0,2315,0:38:35,32.3,649.9,105,4.11,0
1,OBS Studio,Entertainment,Chrome,15/01/2024 6:21,15/01/2024,6,Monday,0,1286,0:21:26,49.7,706.4,0,4.71,0
1,File Explorer,System,OBS Studio,15/01/2024 6:46,15/01/2024,6,Monday,0,5206,1:26:46,4.1,67.9,0,4.01,0
1,VS Code,Development,File Explorer,15/01/2024 8:17,15/01/2024,8,Monday,0,570,0:09:30,24.8,362.9,4.1,4.98,0
1,Figma,Design,VS Code,15/01/2024 8:30,15/01/2024,8,Monday,0,6350,1:45:50,41.3,625.3,2,4.18,0
1,Slack,Communication,Figma,15/01/2024 10:19,15/01/2024,10,Monday,0,1125,0:18:45,9.8,202.6,5.7,2.69,0
1,Chrome,Browser,Slack,15/01/2024 10:39,15/01/2024,10,Monday,0,4232,1:10:32,23.3,1071.7,29.6,2.25,0
1,Notion,Productivity,Chrome,15/01/2024 11:53,15/01/2024,11,Monday,0,7016,1:56:56,7.7,182.9,3.8,3.64,0
1,Chrome,Browser,Notion,15/01/2024 13:53,15/01/2024,13,Monday,0,2157,0:35:57,12.7,1045.9,79.9,1.12,0
1,Discord,Communication,Chrome,15/01/2024 14:29,15/01/2024,14,Monday,0,3171,0:52:51,9.6,196.5,63.4,3.44,0
1,Slack,Communication,Discord,15/01/2024 15:25,15/01/2024,15,Monday,0,6275,1:44:35,2.6,197.2,57.8,3.84,0
1,Excel,Productivity,Slack,15/01/2024 17:10,15/01/2024,17,Monday,0,7077,1:57:57,26.9,334,3.4,1.9,0
1,Word,Productivity,Excel,15/01/2024 19:09,15/01/2024,19,Monday,0,5945,1:39:05,16.6,254.1,3.4,1.92,0
1,Slack,Communication,Word,15/01/2024 20:50,15/01/2024,20,Monday,0,1530,0:25:30,8.3,293.3,143.2,4.73,0
1,Notion,Productivity,Slack,15/01/2024 21:20,15/01/2024,21,Monday,0,4381,1:13:01,8.3,273.1,1.2,2.97,0
1,Word,Productivity,Notion,15/01/2024 22:35,15/01/2024,22,Monday,0,1575,0:26:15,14.7,185.9,2.8,0.73,0
1,Postman,Development,Word,15/01/2024 23:05,15/01/2024,23,Monday,0,6306,1:45:06,11.6,247.9,4.3,3.21,0
1,Terminal,Development,Postman,16/01/2024 0:53,16/01/2024,0,Tuesday,0,476,0:07:56,30.6,99.8,4,3.22,0
1,Postman,Development,Terminal,16/01/2024 1:05,16/01/2024,1,Tuesday,0,121,0:02:01,10.3,158.3,4.3,4.26,0
1,Photoshop,Design,Postman,16/01/2024 1:10,16/01/2024,1,Tuesday,0,5385,1:29:45,49.7,563.2,4.1,4.41,0
1,Chrome,Browser,Photoshop,16/01/2024 2:41,16/01/2024,2,Tuesday,0,2092,0:34:52,34.7,865.8,90.1,3.97,0
1,Discord,Communication,Chrome,16/01/2024 3:16,16/01/2024,3,Tuesday,0,2127,0:35:27,8.1,271.9,149.7,1.27,0
1,Spotify,Entertainment,Discord,16/01/2024 3:54,16/01/2024,3,Tuesday,0,1825,0:30:25,3.5,139.2,8.6,4.68,0
1,Notion,Productivity,Spotify,16/01/2024 4:27,16/01/2024,4,Tuesday,0,719,0:11:59,9.6,349.1,4.8,4.34,0
1,VS Code,Development,Notion,16/01/2024 4:41,16/01/2024,4,Tuesday,0,3612,1:00:12,24.1,343.9,4.1,4.54,0
1,VLC,Entertainment,VS Code,16/01/2024 5:43,16/01/2024,5,Tuesday,0,471,0:07:51,10.7,138.9,1,3.88,0
1,Spotify,Entertainment,VLC,16/01/2024 5:51,16/01/2024,5,Tuesday,0,187,0:03:07,5,127.8,116.9,4.26,0
1,Notion,Productivity,Spotify,16/01/2024 5:57,16/01/2024,5,Tuesday,0,3829,1:03:49,9.6,376.4,0.2,1.47,0
1,Word,Productivity,Notion,16/01/2024 7:05,16/01/2024,7,Tuesday,0,6432,1:47:12,10.3,211,3.1,3.3,0
1,Notion,Productivity,Word,16/01/2024 8:54,16/01/2024,8,Tuesday,0,3894,1:04:54,8.7,323.2,2.9,1.48,0
1,Word,Productivity,Notion,16/01/2024 10:04,16/01/2024,10,Tuesday,0,35,0:00:35,16.3,313.7,3,4.55,0
1,Notion,Productivity,Word,16/01/2024 10:08,16/01/2024,10,Tuesday,0,365,0:06:05,4.1,254.6,0.5,3.26,0
1,Chrome,Browser,Notion,16/01/2024 10:19,16/01/2024,10,Tuesday,0,5840,1:37:20,30.1,1036.7,102.3,2.62,0
1,Excel,Productivity,Chrome,16/01/2024 11:59,16/01/2024,11,Tuesday,0,1646,0:27:26,28.1,233,1.6,4.18,0
1,Notion,Productivity,Excel,16/01/2024 12:30,16/01/2024,12,Tuesday,0,3107,0:51:47,8,321.7,2.5,1.67,0
1,Slack,Communication,Notion,16/01/2024 13:25,16/01/2024,13,Tuesday,0,6929,1:55:29,4.6,314.1,102,1.79,0
1,Chrome,Browser,Slack,16/01/2024 15:22,16/01/2024,15,Tuesday,0,592,0:09:52,32,884.5,61.9,2.79,0
1,File Explorer,System,Chrome,16/01/2024 15:33,16/01/2024,15,Tuesday,0,1148,0:19:08,4.8,47.7,3.3,0.61,0
1,VS Code,Development,File Explorer,16/01/2024 15:55,16/01/2024,15,Tuesday,0,6041,1:40:41,21.8,310.1,1.2,0.57,0
1,Slack,Communication,VS Code,16/01/2024 17:37,16/01/2024,17,Tuesday,0,1073,0:17:53,7.9,337.9,43.1,3.45,0
1,Notion,Productivity,Slack,16/01/2024 17:58,16/01/2024,17,Tuesday,0,3371,0:56:11,8.2,344.4,2.4,3.19,0
1,Word,Productivity,Notion,16/01/2024 18:59,16/01/2024,18,Tuesday,0,292,0:04:52,11.6,240.2,2.1,0.64,0
1,Notion,Productivity,Word,16/01/2024 19:07,16/01/2024,19,Tuesday,0,5250,1:27:30,4.6,304.3,3.3,0.99,0
1,Notion,Productivity,Notion,16/01/2024 20:35,16/01/2024,20,Tuesday,0,238,0:03:58,3.2,344.2,3.6,2.13,0
1,Excel,Productivity,Notion,16/01/2024 20:44,16/01/2024,20,Tuesday,0,4515,1:15:15,26.1,280.2,1.7,4.14,0
1,Chrome,Browser,Excel,16/01/2024 22:01,16/01/2024,22,Tuesday,0,4567,1:16:07,28.6,1090.7,19.2,4.6,0
1,Slack,Communication,Chrome,16/01/2024 23:17,16/01/2024,23,Tuesday,0,3459,0:57:39,10.3,319.1,75.2,3.13,0
1,Chrome,Browser,Slack,17/01/2024 0:16,17/01/2024,0,Wednesday,0,5055,1:24:15,20.9,1045.3,86.9,0.76,0
1,Discord,Communication,Chrome,17/01/2024 1:44,17/01/2024,1,Wednesday,0,952,0:15:52,4,287.3,136.4,0.23,0
1,Steam,Entertainment,Discord,17/01/2024 2:03,17/01/2024,2,Wednesday,0,6124,1:42:04,18.2,379.8,129.4,2.5,0
1,Zoom,Communication,Steam,17/01/2024 3:46,17/01/2024,3,Wednesday,0,6012,1:40:12,32.3,401,8.1,3.89,0
1,Chrome,Browser,Zoom,17/01/2024 5:29,17/01/2024,5,Wednesday,0,6125,1:42:05,34.1,1133.1,118.7,0.45,0
1,VS Code,Development,Chrome,17/01/2024 7:14,17/01/2024,7,Wednesday,0,4355,1:12:35,8.4,248.5,2.6,3.9,0
1,Postman,Development,VS Code,17/01/2024 8:30,17/01/2024,8,Wednesday,0,2979,0:49:39,9.9,152.3,0.3,0.16,0
1,VS Code,Development,Postman,17/01/2024 9:23,17/01/2024,9,Wednesday,0,1592,0:26:32,17.9,414.4,3.8,2.27,0
1,Chrome,Browser,VS Code,17/01/2024 9:54,17/01/2024,9,Wednesday,0,2337,0:38:57,32.5,857.1,108.9,3.48,0
1,Notion,Productivity,Chrome,17/01/2024 10:34,17/01/2024,10,Wednesday,0,5073,1:24:33,10.6,274.9,2.7,1.02,0
1,Slack,Communication,Notion,17/01/2024 12:03,17/01/2024,12,Wednesday,0,891,0:14:51,10.5,205.1,0.8,2.04,0
1,Notion,Productivity,Slack,17/01/2024 12:19,17/01/2024,12,Wednesday,0,6237,1:43:57,4.6,292.5,1,2.44,0
1,Word,Productivity,Notion,17/01/2024 14:06,17/01/2024,14,Wednesday,0,4735,1:18:55,7.9,308.1,4.1,0.18,0
1,Excel,Productivity,Word,17/01/2024 15:26,17/01/2024,15,Wednesday,0,4422,1:13:42,11.3,166.2,5,1.69,0
1,Slack,Communication,Excel,17/01/2024 16:43,17/01/2024,16,Wednesday,0,797,0:13:17,3.9,283.9,51,2.04,0
1,Slack,Communication,Slack,17/01/2024 17:01,17/01/2024,17,Wednesday,0,5252,1:27:32,5.8,254.5,25.5,2.69,0
1,Zoom,Communication,Slack,17/01/2024 18:32,17/01/2024,18,Wednesday,0,1321,0:22:01,54.5,351.6,86.9,3.91,0
1,Zoom,Communication,Zoom,17/01/2024 18:55,17/01/2024,18,Wednesday,0,745,0:12:25,16.6,306,74.1,1.23,0
1,Notion,Productivity,Zoom,17/01/2024 19:11,17/01/2024,19,Wednesday,0,460,0:07:40,9.2,303,2.9,2.49,0
1,Slack,Communication,Notion,17/01/2024 19:22,17/01/2024,19,Wednesday,0,2100,0:35:00,3.9,334.9,51.6,2.78,0
1,Task Manager,System,Slack,17/01/2024 19:58,17/01/2024,19,Wednesday,0,3524,0:58:44,1.5,35.2,3.4,0.91,0
1,Chrome,Browser,Task Manager,17/01/2024 21:00,17/01/2024,21,Wednesday,0,6656,1:50:56,33.7,1183.1,67,3.64,0
1,Discord,Communication,Chrome,17/01/2024 22:53,17/01/2024,22,Wednesday,0,5628,1:33:48,2.6,214.8,46.6,1.51,0
1,Spotify,Entertainment,Discord,18/01/2024 0:30,18/01/2024,0,Thursday,0,3765,1:02:45,7.9,120.3,56.4,4.02,0
1,Figma,Design,Spotify,18/01/2024 1:34,18/01/2024,1,Thursday,0,3916,1:05:16,37,605.1,3.5,2.37,0
1,VLC,Entertainment,Figma,18/01/2024 2:43,18/01/2024,2,Thursday,0,4729,1:18:49,14.6,115.3,2.6,4.41,0
1,Discord,Communication,VLC,18/01/2024 4:06,18/01/2024,4,Thursday,0,5432,1:30:32,7.7,191.3,145.7,2.92,0
1,Zoom,Communication,Discord,18/01/2024 5:41,18/01/2024,5,Thursday,0,6955,1:55:55,16.2,331.5,3.4,2.8,0
1,Notion,Productivity,Zoom,18/01/2024 7:42,18/01/2024,7,Thursday,0,3407,0:56:47,3.1,346.5,0.5,3.37,0
1,Slack,Communication,Notion,18/01/2024 8:40,18/01/2024,8,Thursday,0,6681,1:51:21,6.1,263.1,113.1,4.63,0
1,File Explorer,System,Slack,18/01/2024 10:36,18/01/2024,10,Thursday,0,5420,1:30:20,1.4,78.2,1.3,3.67,0
1,PyCharm,Development,File Explorer,18/01/2024 12:08,18/01/2024,12,Thursday,0,5598,1:33:18,12.8,452.1,1.7,4.58,0
1,Postman,Development,PyCharm,18/01/2024 13:42,18/01/2024,13,Thursday,0,1997,0:33:17,9,206.3,4.9,3.08,0
1,Task Manager,System,Postman,18/01/2024 14:19,18/01/2024,14,Thursday,0,675,0:11:15,3,35.3,0.4,2.85,0
1,VS Code,Development,Task Manager,18/01/2024 14:31,18/01/2024,14,Thursday,0,6016,1:40:16,17.1,349.1,1.6,0.61,0
1,Steam,Entertainment,VS Code,18/01/2024 16:14,18/01/2024,16,Thursday,0,326,0:05:26,9.5,594.5,27.2,1.1,0
1,Chrome,Browser,Steam,18/01/2024 16:21,18/01/2024,16,Thursday,0,1790,0:29:50,12.7,670.1,16.8,2.92,0
1,Excel,Productivity,Chrome,18/01/2024 16:55,18/01/2024,16,Thursday,0,6949,1:55:49,17.6,365.6,4,2.02,0
1,Word,Productivity,Excel,18/01/2024 18:55,18/01/2024,18,Thursday,0,640,0:10:40,10.4,255.3,3.9,2.68,0
1,Notion,Productivity,Word,18/01/2024 19:08,18/01/2024,19,Thursday,0,6242,1:44:02,9.8,302.3,4.7,0.11,0
1,Word,Productivity,Notion,18/01/2024 20:54,18/01/2024,20,Thursday,0,7128,1:58:48,10.3,195.2,1.8,1.47,0
1,Notion,Productivity,Word,18/01/2024 22:56,18/01/2024,22,Thursday,0,1367,0:22:47,9,182.7,1.4,1.75,0
1,VS Code,Development,Notion,18/01/2024 23:21,18/01/2024,23,Thursday,0,4780,1:19:40,12.9,439.7,1,4.52,0
1,Chrome,Browser,VS Code,19/01/2024 0:45,19/01/2024,0,Friday,0,2976,0:49:36,30,527.9,28.7,0.55,0
1,Discord,Communication,Chrome,19/01/2024 1:39,19/01/2024,1,Friday,0,2798,0:46:38,6,276.9,58.7,0.37,0
1,Figma,Design,Discord,19/01/2024 2:29,19/01/2024,2,Friday,0,799,0:13:19,35.4,590.2,1.8,3.34,0
1,PyCharm,Development,Figma,19/01/2024 2:44,19/01/2024,2,Friday,0,6144,1:42:24,30.8,820.8,2.3,0.98,0
1,Chrome,Browser,PyCharm,19/01/2024 4:30,19/01/2024,4,Friday,0,6339,1:45:39,33.3,1112.3,78.8,3.04,0
1,Slack,Communication,Chrome,19/01/2024 6:16,19/01/2024,6,Friday,0,4805,1:20:05,8.6,346.9,38.2,3.1,0
1,VS Code,Development,Slack,19/01/2024 7:39,19/01/2024,7,Friday,0,2593,0:43:13,16.1,235.1,0.2,4.31,0
1,Chrome,Browser,VS Code,19/01/2024 8:26,19/01/2024,8,Friday,0,3120,0:52:00,15.9,811.4,99.5,3.52,0
1,Notion,Productivity,Chrome,19/01/2024 9:19,19/01/2024,9,Friday,0,2209,0:36:49,7.6,209.9,2.7,4.93,0
1,Word,Productivity,Notion,19/01/2024 9:59,19/01/2024,9,Friday,0,2217,0:36:57,9.9,157,1.4,4.69,0
1,Excel,Productivity,Word,19/01/2024 10:38,19/01/2024,10,Friday,0,6215,1:43:35,7.1,182.3,2.5,1.33,0
1,Word,Productivity,Excel,19/01/2024 12:25,19/01/2024,12,Friday,0,4134,1:08:54,7.7,187.5,0.5,0.29,0
1,Slack,Communication,Word,19/01/2024 13:35,19/01/2024,13,Friday,0,1352,0:22:32,3.6,236.5,120.5,4.97,0
1,Chrome,Browser,Slack,19/01/2024 13:59,19/01/2024,13,Friday,0,4302,1:11:42,11.6,974.2,31.5,4.2,0
1,Discord,Communication,Chrome,19/01/2024 15:11,19/01/2024,15,Friday,0,4942,1:22:22,6.4,254.2,142.8,3.31,0
1,Spotify,Entertainment,Discord,19/01/2024 16:37,19/01/2024,16,Friday,0,4866,1:21:06,1.3,147,117.3,0.73,0
1,Discord,Communication,Spotify,19/01/2024 17:59,19/01/2024,17,Friday,0,5322,1:28:42,5.6,187.4,101.6,3.53,0
1,Chrome,Browser,Discord,19/01/2024 19:30,19/01/2024,19,Friday,0,5655,1:34:15,30.3,1016.5,131.2,4.34,0
1,Excel,Productivity,Chrome,19/01/2024 21:08,19/01/2024,21,Friday,0,5871,1:37:51,7,369.8,2.5,0.73,0
1,Slack,Communication,Excel,19/01/2024 22:50,19/01/2024,22,Friday,0,6017,1:40:17,6.6,218.3,58.8,0.27,0
1,Chrome,Browser,Slack,20/01/2024 0:33,20/01/2024,0,Saturday,1,5672,1:34:32,19.5,764.6,121.7,0.44,0
1,Discord,Communication,Chrome,20/01/2024 2:09,20/01/2024,2,Saturday,1,6315,1:45:15,9,189,13.2,4.27,0
1,VS Code,Development,Discord,20/01/2024 3:57,20/01/2024,3,Saturday,1,7077,1:57:57,24.5,265.6,3.7,0.13,0
1,Postman,Development,VS Code,20/01/2024 5:57,20/01/2024,5,Saturday,1,405,0:06:45,11.3,150.3,1.5,3.82,0
1,VS Code,Development,Postman,20/01/2024 6:07,20/01/2024,6,Saturday,1,1263,0:21:03,22.2,378,4.6,3.55,0
1,Postman,Development,VS Code,20/01/2024 6:31,20/01/2024,6,Saturday,1,6728,1:52:08,4,238.4,0.5,3.9,0
1,VS Code,Development,Postman,20/01/2024 8:23,20/01/2024,8,Saturday,1,4718,1:18:38,16.1,220.9,0.5,3.55,0
1,PyCharm,Development,VS Code,20/01/2024 9:43,20/01/2024,9,Saturday,1,2632,0:43:52,20.4,424.3,2.1,2.02,0
1,Postman,Development,PyCharm,20/01/2024 10:32,20/01/2024,10,Saturday,1,6932,1:55:32,6,227.5,2.3,1.44,0
1,VS Code,Development,Postman,20/01/2024 12:28,20/01/2024,12,Saturday,1,2691,0:44:51,13.9,434.8,3.7,4.79,0
1,Terminal,Development,VS Code,20/01/2024 13:18,20/01/2024,13,Saturday,1,4487,1:14:47,27.9,105.2,0.7,1.96,0
1,Excel,Productivity,Terminal,20/01/2024 14:36,20/01/2024,14,Saturday,1,1971,0:32:51,23.1,131.7,2.9,3.23,0
1,Slack,Communication,Excel,20/01/2024 15:09,20/01/2024,15,Saturday,1,327,0:05:27,5.9,206.8,45.4,0.85,0
1,Zoom,Communication,Slack,20/01/2024 15:19,20/01/2024,15,Saturday,1,5164,1:26:04,40.7,492.2,100.8,2.87,0
1,Word,Productivity,Zoom,20/01/2024 16:46,20/01/2024,16,Saturday,1,6281,1:44:41,11.8,251.5,4.4,0.11,0
1,Excel,Productivity,Word,20/01/2024 18:32,20/01/2024,18,Saturday,1,1325,0:22:05,23.7,200.7,1.9,0.22,0
1,Word,Productivity,Excel,20/01/2024 18:54,20/01/2024,18,Saturday,1,2899,0:48:19,8,263.9,3.8,2.03,0
1,VS Code,Development,Word,20/01/2024 19:47,20/01/2024,19,Saturday,1,4823,1:20:23,5.5,258.4,2.1,4.14,0
1,VS Code,Development,VS Code,20/01/2024 21:09,20/01/2024,21,Saturday,1,4911,1:21:51,18.3,435.8,0.6,4.84,0
1,OBS Studio,Entertainment,VS Code,20/01/2024 22:36,20/01/2024,22,Saturday,1,4206,1:10:06,62.9,892.5,2.6,2.79,1
1,Discord,Communication,OBS Studio,20/01/2024 23:51,20/01/2024,23,Saturday,1,879,0:14:39,9.9,175.3,144.5,1.31,0
1,Chrome,Browser,Discord,21/01/2024 0:10,21/01/2024,0,Sunday,1,4402,1:13:22,9,957.2,117.1,0.13,0
1,VS Code,Development,Chrome,21/01/2024 1:23,21/01/2024,1,Sunday,1,1132,0:18:52,8.2,431.4,1.1,0.31,0
1,Excel,Productivity,VS Code,21/01/2024 1:47,21/01/2024,1,Sunday,1,6473,1:47:53,14.8,307.3,2,3.04,0
1,Chrome,Browser,Excel,21/01/2024 3:36,21/01/2024,3,Sunday,1,3213,0:53:33,30.9,665.1,50,2.41,0
1,Word,Productivity,Chrome,21/01/2024 4:31,21/01/2024,4,Sunday,1,402,0:06:42,5.4,126.6,1.5,2.04,0
1,Discord,Communication,Word,21/01/2024 4:39,21/01/2024,4,Sunday,1,3755,1:02:35,5.8,222.3,69.1,3.48,0
1,Steam,Entertainment,Discord,21/01/2024 5:45,21/01/2024,5,Sunday,1,5474,1:31:14,4,382.1,137.4,1.97,0
1,Chrome,Browser,Steam,21/01/2024 7:17,21/01/2024,7,Sunday,1,6162,1:42:42,34.7,488.1,56.8,0.37,0
1,VS Code,Development,Chrome,21/01/2024 9:04,21/01/2024,9,Sunday,1,1184,0:19:44,14.8,421.8,4.4,4.46,0
1,VS Code,Development,VS Code,21/01/2024 9:25,21/01/2024,9,Sunday,1,2549,0:42:29,17.1,343.6,0.3,3.27,0
1,Word,Productivity,VS Code,21/01/2024 10:12,21/01/2024,10,Sunday,1,344,0:05:44,11.1,289.4,1.4,3.15,0
1,Slack,Communication,Word,21/01/2024 10:19,21/01/2024,10,Sunday,1,3776,1:02:56,4.2,214.6,143.8,1.56,0
1,Excel,Productivity,Slack,21/01/2024 11:25,21/01/2024,11,Sunday,1,106,0:01:46,23.5,186.2,4.7,1.54,0
1,PyCharm,Development,Excel,21/01/2024 11:27,21/01/2024,11,Sunday,1,1669,0:27:49,10.2,548.2,2.2,2.98,0
1,Terminal,Development,PyCharm,21/01/2024 11:57,21/01/2024,11,Sunday,1,5306,1:28:26,8.4,119.4,4.5,3.28,0
1,Slack,Communication,Terminal,21/01/2024 13:29,21/01/2024,13,Sunday,1,7024,1:57:04,6.5,305.5,34.5,3.13,0
1,Steam,Entertainment,Slack,21/01/2024 15:30,21/01/2024,15,Sunday,1,5367,1:29:27,5.3,471,105.6,1.13,0
1,Terminal,Development,Steam,21/01/2024 17:02,21/01/2024,17,Sunday,1,6428,1:47:08,39.9,84.7,3.9,2.93,0
1,Figma,Design,Terminal,21/01/2024 18:54,21/01/2024,18,Sunday,1,3283,0:54:43,15.8,635.6,0.9,0.62,0
1,Slack,Communication,Figma,21/01/2024 19:49,21/01/2024,19,Sunday,1,640,0:10:40,6.6,270.7,69.1,4.48,0
1,Zoom,Communication,Slack,21/01/2024 20:01,21/01/2024,20,Sunday,1,6796,1:53:16,44,385,50.3,1.96,0
1,Word,Productivity,Zoom,21/01/2024 21:55,21/01/2024,21,Sunday,1,212,0:03:32,16.9,212.8,1.8,1.99,0
1,Chrome,Browser,Word,21/01/2024 22:02,21/01/2024,22,Sunday,1,4303,1:11:43,15.5,899.1,86.6,1.9,0
1,Notion,Productivity,Chrome,21/01/2024 23:19,21/01/2024,23,Sunday,1,7012,1:56:52,5.9,330.7,0.7,4.68,0
1,VS Code,Development,Notion,22/01/2024 1:19,22/01/2024,1,Monday,0,173,0:02:53,5.3,370.2,4.7,0.21,0
1,PyCharm,Development,VS Code,22/01/2024 1:25,22/01/2024,1,Monday,0,6052,1:40:52,18.3,818.2,0.2,1.23,0
1,Terminal,Development,PyCharm,22/01/2024 3:07,22/01/2024,3,Monday,0,4909,1:21:49,37.9,98.5,2.2,1.93,0
1,PyCharm,Development,Terminal,22/01/2024 4:31,22/01/2024,4,Monday,0,4726,1:18:46,34.8,736.8,3.9,2.88,0
1,Postman,Development,PyCharm,22/01/2024 5:53,22/01/2024,5,Monday,0,6334,1:45:34,9.5,168.3,3.8,2.36,0
1,Terminal,Development,Postman,22/01/2024 7:41,22/01/2024,7,Monday,0,6682,1:51:22,32.2,34.5,3.6,4.83,0
1,Postman,Development,Terminal,22/01/2024 9:35,22/01/2024,9,Monday,0,2597,0:43:17,9.3,168.5,2.2,3.36,0
1,Chrome,Browser,Postman,22/01/2024 10:20,22/01/2024,10,Monday,0,3708,1:01:48,11.8,1195.4,1,0.53,0
1,Steam,Entertainment,Chrome,22/01/2024 11:26,22/01/2024,11,Monday,0,6560,1:49:20,10.5,206.4,81.5,2.84,0
1,OBS Studio,Entertainment,Steam,22/01/2024 13:16,22/01/2024,13,Monday,0,368,0:06:08,32,891.5,3.5,3.43,0
1,Steam,Entertainment,OBS Studio,22/01/2024 13:25,22/01/2024,13,Monday,0,1877,0:31:17,8.4,462.4,14.9,2.7,0
1,Photoshop,Design,Steam,22/01/2024 14:01,22/01/2024,14,Monday,0,3814,1:03:34,57.4,1381.9,3.1,4.24,0
1,Figma,Design,Photoshop,22/01/2024 15:05,22/01/2024,15,Monday,0,6752,1:52:32,17.5,390.7,1.2,2.04,0
1,Photoshop,Design,Figma,22/01/2024 16:59,22/01/2024,16,Monday,0,4871,1:21:11,59.7,1207.3,3.1,2.45,1
1,Chrome,Browser,Photoshop,22/01/2024 18:24,22/01/2024,18,Monday,0,4346,1:12:26,32.6,526.2,46.3,1.27,0
1,Discord,Communication,Chrome,22/01/2024 19:40,22/01/2024,19,Monday,0,347,0:05:47,7.5,226.6,83.2,2.57,0
1,Chrome,Browser,Discord,22/01/2024 19:47,22/01/2024,19,Monday,0,1122,0:18:42,27.1,918.4,23,2.72,0
1,Terminal,Development,Chrome,22/01/2024 20:10,22/01/2024,20,Monday,0,4613,1:16:53,8.6,34.6,1.7,1.85,0
1,VS Code,Development,Terminal,22/01/2024 21:29,22/01/2024,21,Monday,0,3799,1:03:19,6.3,364.8,2,1.83,0
1,Postman,Development,VS Code,22/01/2024 22:33,22/01/2024,22,Monday,0,69,0:01:09,12,174.7,0.6,0.87,0
1,VS Code,Development,Postman,22/01/2024 22:36,22/01/2024,22,Monday,0,4640,1:17:20,14.1,324.4,3.6,1.19,0
1,Postman,Development,VS Code,22/01/2024 23:56,22/01/2024,23,Monday,0,1944,0:32:24,10.7,157.8,2.8,1.53,0
1,Terminal,Development,Postman,23/01/2024 0:33,23/01/2024,0,Tuesday,0,3478,0:57:58,37.3,51.8,3.2,2.7,0
1,PyCharm,Development,Terminal,23/01/2024 1:32,23/01/2024,1,Tuesday,0,6430,1:47:10,15.7,648.8,4.9,2.07,0
1,Postman,Development,PyCharm,23/01/2024 3:21,23/01/2024,3,Tuesday,0,5500,1:31:40,4,228,4.7,4.3,0
1,Chrome,Browser,Postman,23/01/2024 4:56,23/01/2024,4,Tuesday,0,2194,0:36:34,19.8,1190.4,132.1,0.65,0
1,VS Code,Development,Chrome,23/01/2024 5:35,23/01/2024,5,Tuesday,0,4391,1:13:11,22.2,387.6,2.8,1.29,0
